ID,titulo,Duracion,Año,Sinopsis,Genero,Actores,Tipo,Link
1,The Kill Room,97 MINS,2023,A hit man teams up with an art dealer for a money-laundering scheme that unwittingly turns him into an avant-garde sensation.,"COMEDY, SUSPENSE","Starring Uma Thurman, Joe Manganiello, Samuel L. Jackson",Pelicula,https://www.starz.com/us/en/movies/the-kill-room-71632
2,Navy Seals Vs. Zombies,96 MINS,2015,A team of Navy SEALS quickly discovers it is facing a growing horde of zombies when it is sent into a city in Louisiana to find the vice president aft,"ACTION, HORROR","Starring Ed Quinn, Michael Dudikoff, Rick Fox",Pelicula,https://www.starz.com/us/en/movies/navy-seals-vs-zombies-70852
3,Meeting Evil,89 MINS,2012,"John is taken on a murder-fueled ride by a mysterious stranger who transforms the weak-willed, disillusioned husband and father into a hero willing to do anything to protect his family.","CRIME, DRAMA","Starring Samuel L. Jackson, Leslie Bibb, Luke Wilson",Pelicula,https://www.starz.com/us/en/movies/meeting-evil-52015
4,The Black Phone,103 MINS,2022,"Finney is a 13-year-old boy who's being held captive by a sadistic, masked killer. When a disconnected phone on the wall starts to ring, he soon discovers that he can hear the voices of the murderer's previous victims.","HORROR, SUSPENSE","Starring Ethan Hawke, Jeremy Davies, James Ransone",Pelicula,https://www.starz.com/us/en/movies/the-black-phone-64745
5,SuperFly,116 MINS,2018,Cocaine kingpin Youngblood Priest hatches a plan for one last score to get out of the game for good.,"ACTION, CRIME","Starring Trevor Jackson, Jason Mitchell, Michael Kenneth Williams",Pelicula,https://www.starz.com/us/en/movies/superfly-42970
6,Jumanji: The Next Level,123 MINS,2019,A team of friends returns to Jumanji to rescue one of their own and must brave parts unknown in order to escape the world's most dangerous game.,"ACTION, COMEDY","Starring Dwayne Johnson, Kevin Hart, Jack Black",Pelicula,https://www.starz.com/us/en/movies/jumanji-the-next-level-52161
7,Survive,108 MINS,2023,"When their plane crashes on a remote snow-covered mountain, Jane and Paul have to fight for their lives as the only remaining survivors. Together they embark on a harrowing journey out of the wilderness.","ACTION, ADVENTURE","Starring Sophie Turner, Corey Hawkins, Caroline Goodall",Pelicula,https://www.starz.com/us/en/movies/survive-69829
8,Catch .44,93 MINS,2011,A trio of bad girls look to get right with their crime boss by hijacking a shipment of drugs at a secluded diner - but a seriously crazed hitman will,"ACTION, DRAMA","Starring Forest Whitaker, Bruce Willis, Malin Akerman",Pelicula,https://www.starz.com/us/en/movies/catch-44-29602
9,Bad Boys For Life,124 MINS,2020,Detectives Mike Lowrey and Marcus Burnett team up again for another adventure.,"ACTION, COMEDY","Starring Will Smith, Martin Lawrence, Vanessa Hudgens",Pelicula,https://www.starz.com/us/en/movies/bad-boys-for-life-50297
10,John Wick: Chapter 4,169 MINS,2023,"With the price on his head ever increasing, legendary hit man John Wick takes his fight against the High Table global as he seeks out the most powerfu","ACTION, SUSPENSE","Starring Keanu Reeves, Bill Skarsgård, Donnie Yen",Pelicula,https://www.starz.com/us/en/movies/john-wick-chapter-4-66012
11,Farming,107 MINS,2018,"A Nigerian boy, ""farmed out"" by his parents to a white British family, becomes the leader of a skinhead gang.",DRAMA,"Starring Kate Beckinsale, Gugu Mbatha-Raw, Damson Idris",Pelicula,https://www.starz.com/us/en/movies/farming-66519
12,Retribution,91 MINS,2023,"While driving with his kids, a man receives a call from an assailant who claims there is a bomb in the car. Unable to exit the vehicle, he must now follow a series of instructions while trying to figure out how to survive.","ACTION, SUSPENSE","Starring Liam Neeson, Noma Dumezweni, Matthew Modine",Pelicula,https://www.starz.com/us/en/movies/retribution-71360
13,Joy Ride,94 MINS,2023,"Follows four Asian-American friends as they embark on an epic, no-holds-barred journey of bonding, belonging and wild debauchery that reveals the univ",COMEDY,"Starring Ashley Park, Sherry Cola, Stephanie Hsu",Pelicula,https://www.starz.com/us/en/movies/joy-ride-66782
14,Arctic,98 MINS,2018,A man stranded in the Arctic after an airplane crash must decide whether to remain in the relative safety of his makeshift camp or to embark on a dead,"ADVENTURE, DRAMA","Starring Mads Mikkelsen, Maria Smáradóttir",Pelicula,https://www.starz.com/us/en/movies/arctic-57479
15,The Blackening,97 MINS,2023,Seven Black friends who go away for the weekend only to find themselves trapped in a cabin with a killer who has a vendetta. Will their street smarts,"COMEDY, HORROR","Starring Grace Byers, Jermaine Fowler, Antoinette Robertson",Pelicula,https://www.starz.com/us/en/movies/the-blackening-69096
16,The Amityville Moon,92 MINS,2021,A detective hired to find two runaway girls uncovers a horrifying secret at a boarding home run by the church.,"HORROR, SUSPENSE","Starring Trey McCurley, Tuesday Knight, Augie Duke",Pelicula,https://www.starz.com/us/en/movies/the-amityville-moon-68739
17,7 Seconds,96 MINS,2005,"When an experienced thief accidentally makes off with a Van Gogh, his partner is kidnapped by gangsters in pursuit of the painting - now the thief mus","ACTION, SUSPENSE","Starring Wesley Snipes, Tamzin Outhwaite, Pete Lee-Wilson",Pelicula,https://www.starz.com/us/en/movies/7-seconds-49723
18,Amityville Uprising,85 MINS,2022,A sergeant from the Amityville police department must protect his son from zombies after a chemical explosion at a nearby army base releases toxic gas,"HORROR, ACTION","Starring Mike Ferguson, Micah Fitzgerald, Troy Fromin",Pelicula,https://www.starz.com/us/en/movies/amityville-uprising-68737
19,Motives 2: Retribution,93 MINS,2007,A man takes matters into his own hands after his wrongfully-convicted brother is murdered in prison.,"DRAMA, SUSPENSE","Starring Brian J. White, Vivica A. Fox, Drew Sidora",Pelicula,https://www.starz.com/us/en/movies/motives-2-retribution-50116
20,Just Go With It,116 MINS,2011,"An unmarried plastic surgeon tells his girlfriend he's divorcing his abusive wife. When she demands to meet the soon-to-be ex, the doc asks his single","COMEDY, ROMANCE","Starring Adam Sandler, Jennifer Aniston, Nicole Kidman",Pelicula,https://www.starz.com/us/en/movies/just-go-with-it-44132
21,The Craft: Legacy,94 MINS,2020,"An eclectic foursome of aspiring teenage witches get more than they bargained for as they lean into their newfound powers. A sequel to the 1996 film,","DRAMA, FANTASY","Starring Michelle Monaghan, Cailee Spaeny, Gideon Adlon",Pelicula,https://www.starz.com/us/en/movies/the-craft-legacy-62315
22,Smokin' Aces 2: Assassins' Ball,86 MINS,2009,Bloody chaos ensues when a diverse group of killers targets a federal agent.,"ACTION, COMEDY","Starring Tom Berenger, Ernie Hudson, Michael Parks",Pelicula,https://www.starz.com/us/en/movies/smokin-aces-2-assassins-ball-41062
23,The Island,93 MINS,2023,"When his brother is brutally murdered by a ruthless crime boss, an LAPD officer returns home to his native island to solve the murder and seek revenge.","DRAMA, ACTION","Starring Michael Jai White, Jackson Rathbone, Gillian White",Pelicula,https://www.starz.com/us/en/movies/the-island-71164
24,Pixels,105 MINS,2015,A home-theater installer leads a team of old-school arcade champs and a military specialist in a battle against aliens who base their attacks on 1980s,"COMEDY, ACTION","Starring Adam Sandler, Peter Dinklage, Kevin James",Pelicula,https://www.starz.com/us/en/movies/pixels-23908
25,Iron Man 3,130 MINS,2013,"Marvel superhero Tony Stark uses his ingenuity to fight those who destroyed his private world, and soon goes up against his most powerful enemy yet: t","ACTION, COMIC BOOK BASED","Starring Robert Downey Jr., Guy Pearce, Gwyneth Paltrow",Pelicula,https://www.starz.com/us/en/movies/iron-man-3-50495
26,Night Comes On,86 MINS,2018,"Angel LaMere is released from juvenile detention on the eve of her 18th birthday. Haunted by her past, she embarks on a journey with her 10 year-old s",DRAMA,"Starring Dominique Fishback, Tatum Marilyn Hall, James McDaniel",Pelicula,https://www.starz.com/us/en/movies/night-comes-on-65171
27,Aliens Vs. Predator: Requiem,93 MINS,2007,"Warring Alien and Predator races descend on a rural Colorado town, where unsuspecting residents must band together for any chance of survival.","ACTION, SCI-FI","Starring Reiko Aylesworth, Steven Pasquale, John Ortiz",Pelicula,https://www.starz.com/us/en/movies/aliens-vs-predator-requiem-39597
28,"Me, Myself & Irene",116 MINS,2000,"Mild-mannered Charlie, a cop with multiple personality disorder, escorts Irene back to her hometown - and loses his medication on the trip. Soon, Charlie and his aggressive alter ego Hank both fall in love with Irene.",COMEDY,"Starring Jim Carrey, Renee Zellweger, Robert Forster",Pelicula,https://www.starz.com/us/en/movies/me-myself-irene-26062
29,X2: X-Men United,133 MINS,2003,"From Marvel Comics: As Magneto's mutants come close to murdering the president, the military sets up a plan to eradicate Charles Xavier's school - the","ACTION, SCI-FI","Starring Patrick Stewart, Hugh Jackman, Ian McKellen",Pelicula,https://www.starz.com/us/en/movies/x2-x-men-united-49196
30,Life,108 MINS,1999,"In Depression-era Mississippi, two black men are framed for murder and sentenced to life in prison - and they spend the next 60 years bickering, arguing, and planning their big escape.","COMEDY, CRIME","Starring Eddie Murphy, Martin Lawrence, Obba Babatunde",Pelicula,https://www.starz.com/us/en/movies/life-38138
31,Plane,107 MINS,2023,A pilot and an accused murderer must save passengers from dangerous rebels on a war-torn island.,"ACTION, SUSPENSE","Starring Gerard Butler, Mike Colter, Daniella Pineda",Pelicula,https://www.starz.com/us/en/movies/plane-67776
32,How High,93 MINS,2001,"Two Staten Island stoners sprinkle the ashes of a departed buddy into their homegrown pot, and accidentally develop a super-strain weed that makes them smarter - next stop, Harvard!",COMEDY,"Starring Cliff ""Method Man"" Smith, Redman, Lark Voorhies",Pelicula,https://www.starz.com/us/en/movies/how-high-48878
33,How High 2,88 MINS,2019,A pair of stoners embark on a pot-fueled adventure through Atlanta to find their missing weed.,COMEDY,"Starring Lil Yachty , DC Young Fly, Alyssa Goss",Pelicula,https://www.starz.com/us/en/movies/how-high-2-71277
34,Head Count,81 MINS,2023,"After escaping prison, Kat's own revolver is pointed to his head by an unknown assailant. As the empty rounds click away, he tries to remember what ha","ACTION, SUSPENSE","Starring Aaron Jakubenko, Melanie Zanetti, Ryan Kwanten",Pelicula,https://www.starz.com/us/en/movies/head-count-71634
35,Drumline,118 MINS,2002,"A talented street drummer enters college and the esteemed marching band, but his lack of musical schooling and showoff style don't mesh with the group","COMEDY, DRAMA","Starring Orlando Jones, Zoe Saldana, Nick Cannon",Pelicula,https://www.starz.com/us/en/movies/drumline-38845
36,Cinderella,105 MINS,2015,"In this live-action retelling of Disney's animated classic, young Ella escapes from a life of drudgery by way of a fairy godmother whose magic brings","FANTASY, ROMANCE","Starring Lily James, Richard Madden, Cate Blanchett",Pelicula,https://www.starz.com/us/en/movies/cinderella-25208
37,White Boy Rick,111 MINS,2018,"The story of teenager Richard Wershe Jr., who became an undercover informant for the FBI during the 1980s and was ultimately arrested for drug-trafficking and sentenced to life in prison.","CRIME, DRAMA","Starring Matthew McConaughey, Richie Merritt, Bel Powley",Pelicula,https://www.starz.com/us/en/movies/white-boy-rick-39635
38,Proud Mary,89 MINS,2018,Mary is a professional assassin who works for a ruthless gangster in Boston. Her desire to save a 12-year-old boy from the streets soon causes an all-,"ACTION, CRIME","Starring Taraji P. Henson, Neal McDonough, Xander Berkeley",Pelicula,https://www.starz.com/us/en/movies/proud-mary-39055
39,Lazarus,105 MINS,2021,"Brought back from the dead, a vigilante uses his newfound superpowers to battle an evil organization.","ACTION, SCI-FI","Starring Sean Riggs, Costas Mandylor, Shane Brolly",Pelicula,https://www.starz.com/us/en/movies/lazarus-65160
40,Waist Deep,96 MINS,2006,An ex-convict collides with members of a street gang after his car is stolen with his son inside.,"ACTION, SUSPENSE","Starring Tyrese Gibson, Meagan Good, Larenz Tate",Pelicula,https://www.starz.com/us/en/movies/waist-deep-44685
41,50 First Dates,99 MINS,2004,A commitment-averse man finds the love of his life - but her short-term memory condition means she forgets about him every morning! Can the man keep the girl falling in love with him every day?,"COMEDY, DRAMA","Starring Adam Sandler, Drew Barrymore, Rob Schneider",Pelicula,https://www.starz.com/us/en/movies/50-first-dates-48991
42,The Devil You Know,116 MINS,2022,"After a lifetime of trouble, a man has the chance to turn things around with the love and support of his family. As he tries to do right, he finds him",DRAMA,"Starring Michael Ealy, Omar Epps, Michael Beach",Pelicula,https://www.starz.com/us/en/movies/the-devil-you-know-67386
43,Casino,178 MINS,1995,"An intense, violent tale of how organized crime controlled Las Vegas gambling in the 1970s is told via a mob casino boss, his beautiful but unstable w","CRIME, DRAMA","Starring Robert De Niro, Sharon Stone, Joe Pesci",Pelicula,https://www.starz.com/us/en/movies/casino-43838
44,Whipped,82 MINS,2000,"In this raw comedy, three buddies who meet every week to discuss and describe their sexual conquests discover they are all seeing the same woman - set",COMEDY,"Starring Amanda Peet, Brian Van Holt, Zorie Barber",Pelicula,https://www.starz.com/us/en/movies/whipped-68461
45,Hellboy,121 MINS,2019,"Legendary half-demon Hellboy encounters an ancient resurrected sorceress who's out to avenge a past betrayal. Caught in a clash, Hellboy becomes hell-","ACTION, ADVENTURE","Starring David Harbour, Ian McShane, Milla Jovovich",Pelicula,https://www.starz.com/us/en/movies/hellboy-64171
46,Big Daddy,93 MINS,1999,"A lazy law-school grad adopts a kid to impress his girlfriend, but everything doesn't go as planned and he becomes the unlikely foster father.","COMEDY, DRAMA","Starring Adam Sandler, Joey Lauren Adams, Jon Stewart",Pelicula,https://www.starz.com/us/en/movies/big-daddy-52017
47,Story Ave,106 MINS,2023,Follows a teenage graffiti artist who ran away from home and holds up an unwary MTA worker in a robbery gone right that would change their lives forev,DRAMA,"Starring Asante Blackk, Luis Guzmán, Melvin Gregg",Pelicula,https://www.starz.com/us/en/movies/story-ave-71636
48,Sisu,91 MINS,2023,"During the last days of World War II, a solitary prospector crosses paths with Nazis on a scorched-Earth retreat in northern Finland.","ACTION, WAR","Starring Jorma Tommila, Aksel Hennie, Jack Doolan",Pelicula,https://www.starz.com/us/en/movies/sisu-69500
49,Annie,118 MINS,2014,"A plucky youngster escapes the clutches of her calculating foster mother and charms her way into the heart of a hard-nosed tycoon, who's running for mayor.","MUSICAL, FAMILY","Starring Jamie Foxx, Quvenzhane Wallis, Rose Byrne",Pelicula,https://www.starz.com/us/en/movies/annie-23885
50,The Hills Have Eyes 2,89 MINS,2007,A group of National Guard trainees find themselves battling against a vicious group of mutants on their last day of training in the desert.,HORROR,"Starring Daniella Alonso, Jacob Vargas, Michael Bailey Smith",Pelicula,https://www.starz.com/us/en/movies/the-hills-have-eyes-2-37822
51,Home Alone,102 MINS,1990,"The original comedy classic! Little Kevin gets left behind when the family leaves for an overseas Christmas vacation, and finds himself outwitting a pair of bumbling burglars in this slapstick riot!","COMEDY, FAMILY","Starring Macaulay Culkin, Joe Pesci, Daniel Stern",Pelicula,https://www.starz.com/us/en/movies/home-alone-36024
52,Ice Age: The Meltdown,90 MINS,2006,"When Manny, Sid and Diego discover that miles of melted ice will soon flood their valley, they must warn everyone and figure out a way to escape the coming deluge.","ANIMATED, COMEDY","Starring Ray Romano, John Leguizamo, Denis Leary",Pelicula,https://www.starz.com/us/en/movies/ice-age-the-meltdown-31168
53,You Don't Mess With the Zohan,112 MINS,2008,"An Israeli commando, skilled in the art of self-defense, fakes his own death and moves to New York and pursue his dream - becoming a hairstylist. But complications ensue when he takes on some neighborhood bullies!","COMEDY, ACTION","Starring Adam Sandler, Robert Smigel, John Turturro",Pelicula,https://www.starz.com/us/en/movies/you-dont-mess-with-the-zohan-28918
54,The Devil Has a Name,97 MINS,2020,A psychotic oil matriarch leaves the whole industry exposed when she attempts to outfight a bullish farmer whose water has been poisoned.,"DRAMA, SUSPENSE","Starring Kate Bosworth, David Strathairn, Edward James Olmos",Pelicula,https://www.starz.com/us/en/movies/the-devil-has-a-name-61370
55,Bloodshot,109 MINS,2020,An unstoppable reanimated soldier embarks on a mission to recover his true memories.,"ACTION, SCI-FI","Starring Vin Diesel, Eiza González, Sam Heughan",Pelicula,https://www.starz.com/us/en/movies/bloodshot-52193
56,Operation Fortune: Ruse de Guerre,113 MINS,2023,MI6 agent Orson Fortune and his team of operatives recruit one of Hollywood's biggest movie stars to help them on an undercover mission when the sale,"ACTION, COMEDY","Starring Jason Statham, Aubrey Plaza, Cary Elwes",Pelicula,https://www.starz.com/us/en/movies/operation-fortune-ruse-de-guerre-69298
57,X-Men: The Last Stand,104 MINS,2006,From Marvel Comics: An all-out war looms when the discovery of a cure for mutations draws a line between the followers of Charles Xavier and those of,"ACTION, SCI-FI","Starring Hugh Jackman, Alan Cumming, Patrick Stewart",Pelicula,https://www.starz.com/us/en/movies/x-men-the-last-stand-38162
58,Amityville: The Awakening,87 MINS,2017,A desperate single mother moves with her three children into the notoriously haunted Amityville house hoping its dark powers might cure her comatose s,"HORROR, SUSPENSE","Starring Jennifer Jason Leigh, Bella Thorne, Cameron Monaghan",Pelicula,https://www.starz.com/us/en/movies/amityville-the-awakening-38047
59,The Perfect Guy,100 MINS,2015,A woman must use every ounce of strength to turn the tables and outwit a sinister ex-lover.,"DRAMA, ROMANCE","Starring Michael Ealy, Sanaa Lathan, Morris Chestnut",Pelicula,https://www.starz.com/us/en/movies/the-perfect-guy-25803
60,Bulletproof,84 MINS,1996,A pair of crooks end their partnership when one is outed as an undercover cop. But--years later--they reluctantly team up again to track down a murder,"ACTION, COMEDY","Starring Damon Wayans, Adam Sandler, James Caan",Pelicula,https://www.starz.com/us/en/movies/bulletproof-40044
61,Maleficent,97 MINS,2014,"Maleficent rises to protect her peaceful forest kingdom from invaders, but a terrible betrayal turns her pure heart to stone and twists her into a cre","DRAMA, FAMILY","Starring Angelina Jolie, Elle Fanning, Juno Temple",Pelicula,https://www.starz.com/us/en/movies/maleficent-23191
62,Three Can Play That Game,90 MINS,2008,"In the sequel to Two Can Play that Game, Fox once again stars as Shante Smith, a relationship expert who uses her knowledge of the male psyche to help","COMEDY, ROMANCE","Starring Vivica A. Fox, Jason George, Jazsmin Lewis",Pelicula,https://www.starz.com/us/en/movies/three-can-play-that-game-10490
63,Funny People,145 MINS,2009,"When seasoned comedian George Simmons learns of his terminal health condition, his desire to form a genuine friendship leads him to mentor a budding p","COMEDY, DRAMA","Starring Adam Sandler, Seth Rogen, Jonah Hill",Pelicula,https://www.starz.com/us/en/movies/funny-people-50264
64,Funny People,145 MINS,2009,"When seasoned comedian George Simmons learns of his terminal health condition, his desire to form a genuine friendship leads him to mentor a budding p","COMEDY, DRAMA","Starring Adam Sandler, Seth Rogen, Jonah Hill",Pelicula,https://www.starz.com/us/en/movies/the-northman-66004
65,The Million Dollar Hotel,122 MINS,2000,"When a media mogul's son purportedly commits suicide by jumping off a roof, an FBI man is sent in to investigate the eccentric residents of the seedy","DRAMA, ART HOUSE","Starring Jeremy Davies, Mel Gibson, Milla Jovovich",Pelicula,https://www.starz.com/us/en/movies/the-million-dollar-hotel-48827
66,No One Lives,86 MINS,2012,A gang of vicious highway killers kidnap a wealthy couple passing through their isolated town - only they didn't count on these tourists being maniaca,"HORROR, SUSPENSE","Starring Luke Evans, Adelaide Clemens, Lee Tergesen",Pelicula,https://www.starz.com/us/en/movies/no-one-lives-30867
67,The Taking of Pelham 123,105 MINS,2009,A subway dispatcher calls on his extensive knowledge of the transit system to outwit hijackers who are threatening to kill passengers unless a ransom,"ACTION, SUSPENSE","Starring Denzel Washington, John Travolta, John Turturro",Pelicula,https://www.starz.com/us/en/movies/the-taking-of-pelham-123-33037
68,Independence Day,144 MINS,1996,"The U.S. President pilots a jet fighter to help defend the planet against a massive alien invasion! A rousing sci-fi action adventure, Oscar-winner fo","SCI-FI, ACTION","Starring Will Smith, Bill Pullman, Jeff Goldblum",Pelicula,https://www.starz.com/us/en/movies/independence-day-38401
69,The House Next Door: Meet The Blacks 2,97 MINS,2021,"After moving back to his old neighborhood, a struggling writer can't seem to concentrate on his work knowing there may be an actual vampire living nex","COMEDY, HORROR","Starring Mike Epps, Katt Williams, Snoop Dogg",Pelicula,https://www.starz.com/us/en/movies/the-house-next-door-meet-the-blacks-2-64403
70,London Heist,95 MINS,2015,A criminal goes on the warpath after his heist money is stolen and his father is murdered.,"ACTION, SUSPENSE","Starring Craig Fairbrass, James Cosmo, Mem Ferda",Pelicula,https://www.starz.com/us/en/movies/london-heist-62696
71,Fear,97 MINS,2023,A weekend vacation turns sinister when a group of friends must confront their worst fears one by one.,HORROR,"Starring Joseph Sikora, Andrew Bachelor, Annie Ilonzeh",Pelicula,https://www.starz.com/us/en/movies/fear-69627
72,Roll Bounce,111 MINS,2005,"1970s roller-skate jams fuel this coming-of-age comedy as a group of young friends head over to the Sweetwater Roller Rink, where they find their mode","COMEDY, DRAMA","Starring Bow Wow, Nick Cannon, Chi McBride",Pelicula,https://www.starz.com/us/en/movies/roll-bounce-26064
73,Black Ops,103 MINS,2019,"Trapped on a never-ending stairwell, members of a black ops team confront a mysterious and terrifying evil while trying to climb to the top.","ACTION, HORROR","Starring Shayne Ward, Bentley Kalu, Samantha Schnitzler",Pelicula,https://www.starz.com/us/en/movies/black-ops-68338
74,The Unbearable Weight Of Massive Talent,106 MINS,2022,"In this action-packed comedy, Nicolas Cage plays Nick Cage, channeling his iconic characters as he's caught between a superfan (Pedro Pascal) and CIA","ACTION, COMEDY","Starring Nicolas Cage, Pedro Pascal, Tiffany Haddish",Pelicula,https://www.starz.com/us/en/movies/the-unbearable-weight-of-massive-talent-60220
75,When the Bough Breaks,107 MINS,2016,"Hired by a professional couple to be a surrogate mother, a psychotic young woman starts to develop a dangerous fixation with the husband.","DRAMA, SUSPENSE","Starring Morris Chestnut, Theo Rossi, Regina Hall",Pelicula,https://www.starz.com/us/en/movies/when-the-bough-breaks-31545
76,The 2nd,93 MINS,2020,A Secret Service agent must save his son and the daughter of a Supreme Court justice from armed terrorists.,"ACTION, SUSPENSE","Starring Ryan Phillippe, William Katt, Casper Van Dien",Pelicula,https://www.starz.com/us/en/movies/the-2nd-66523
77,Meet The Blacks,94 MINS,2016,"A man moves his family to Beverly Hills on the same day of the city's annual purge, when all crime is legal for 12 hours.","HORROR, COMEDY","Starring Mike Epps, Gary Owen, Zulay Henao",Pelicula,https://www.starz.com/us/en/movies/meet-the-blacks-45045
78,Liar Liar,86 MINS,1997,A pathological liar lawyer finds his career turned upside down when he inexplicably cannot physically lie for 24 whole hours.,"COMEDY, FANTASY","Starring Jim Carrey, Maura Tierney, Jennifer Tilly",Pelicula,https://www.starz.com/us/en/movies/liar-liar-47457
79,The Amityville Harvest,94 MINS,2020,Members of a documentary crew meet a mysterious man who seems to possess supernatural powers at a crumbling manor.,"HORROR, SUSPENSE","Starring Kyle Lowder, Sadie Katz, Paul Logan",Pelicula,https://www.starz.com/us/en/movies/the-amityville-harvest-68735
80,The Last Sentinel,94 MINS,2007,"They were the perfect soldiers to protect mankind - until the drone police became the perfect enemy. Tallis, a cyber-enhanced soldier, rescues a rebel","ACTION, SCI-FI","Starring Keith David, Bokeem Woodbine, Katee Sackhoff",Pelicula,https://www.starz.com/us/en/movies/the-last-sentinel-68386
81,30 Minutes Or Less,83 MINS,2011,"Two losers decide crime can pay - so they strap a bomb to a hapless pizza delivery guy and tell him to rob a bank in this raunchy, action-packed comed","COMEDY, ACTION","Starring Jesse Eisenberg, Danny McBride, Aziz Ansari",Pelicula,https://www.starz.com/us/en/movies/30-minutes-or-less-45110
82,Public Enemies,139 MINS,2009,"The Feds try to take down notorious American gangsters John Dillinger, Baby Face Nelson and Pretty Boy Floyd during a booming crime wave in the 1930s.","CRIME, DRAMA","Starring Johnny Depp, Christian Bale, Billy Crudup",Pelicula,https://www.starz.com/us/en/movies/public-enemies-51409
83,Home Alone 2: Lost in New York,120 MINS,1992,"Intrepid Kevin finds himself left alone in New York City during Christmas, with enough cash and credit to live it up - but then he encounters the slap","COMEDY, FAMILY","Starring Macaulay Culkin, Joe Pesci, Daniel Stern",Pelicula,https://www.starz.com/us/en/movies/home-alone-2-lost-in-new-york-34893
84,Pimp,85 MINS,2018,"After learning the ropes from her father, a young woman works as a pimp while fighting to protect her girls, her drug addicted mother, and her girlfriend.","CRIME, DRAMA","Starring Keke Palmer, Edi Gathegi, Aunjanue Ellis",Pelicula,https://www.starz.com/us/en/movies/pimp-64185
85,Charlie's Angels,118 MINS,2019,"When a systems engineer blows the whistle on a dangerous technology, Charlie's Angels from across the globe are called into action, putting their live","ACTION, ADVENTURE","Starring Elizabeth Banks, Kristen Stewart, Naomi Scott",Pelicula,https://www.starz.com/us/en/movies/charlies-angels-52154
86,Underworld: Blood Wars,91 MINS,2017,The next installment in the action-packed adventures of the vampire warrior Selene.,"ACTION, FANTASY","Starring Kate Beckinsale, Theo James, Tobias Menzies",Pelicula,https://www.starz.com/us/en/movies/underworld-blood-wars-29550
87,The Last Deal,90 MINS,2023,"When marijuana becomes legal, a black market cannabis dealer is forced to make one last deal before he's squeezed out of the business.","ACTION, CRIME","Starring Gigi Gustin, Sala Baker, Anthony Molinari",Pelicula,https://www.starz.com/us/en/movies/the-last-deal-69175
88,The Exorcism Of God,98 MINS,2021,"When an American priest is possessed by a devil during an exorcism in Mexico, he proceeds to commit a terrifying act that will have consequences for years to come.","HORROR, DRAMA","Starring Joseph Marcell, María Gabriela de Faría, Will Beinbrink",Pelicula,https://www.starz.com/us/en/movies/the-exorcism-of-god-69221
89,Like Mike,100 MINS,2002,"A 14-year-old orphan becomes an NBA superstar after trying on a pair of sneakers with the faded initials ""M.J."" on the inside.","FAMILY, COMEDY","Starring Jesse Plemons, Morris Chestnut, Jonathan Lipnicki",Pelicula,https://www.starz.com/us/en/movies/like-mike-37767
90,About My Father,89 MINS,2023,"When Sebastian tells his old-school Italian immigrant father Salvo that he is going to propose to his all-American girlfriend, Salvo insists on crashi",COMEDY,"Starring Robert De Niro, Sebastian Maniscalco, Leslie Bibb",Pelicula,https://www.starz.com/us/en/movies/about-my-father-67778
91,Keep Watching,89 MINS,2017,A family becomes imprisoned in its home by intruders who want to play a game of life and death.,"HORROR, SUSPENSE","Starring Bella Thorne, Ioan Gruffudd, Chandler Riggs",Pelicula,https://www.starz.com/us/en/movies/keep-watching-38740
92,ParaNorman,92 MINS,2012,"A misunderstood boy takes on ghosts, zombies and grown-ups to save his town from a centuries-old curse.","ANIMATED, ADVENTURE","Starring Leslie Mann, Casey Affleck, Kodi Smit-McPhee",Pelicula,https://www.starz.com/us/en/movies/paranorman-68588
93,Stealth,120 MINS,2005,A robot fighter pilot learns combat skills from Navy fliers - but the android quits taking orders and threatens to ignite a global catastrophe!,"ACTION, ADVENTURE","Starring Josh Lucas, Jessica Biel, Jamie Foxx",Pelicula,https://www.starz.com/us/en/movies/stealth-19083
94,Empire,99 MINS,2002,A ruthless Bronx drug dealer has visions of an upscale lifestyle when he invests his money with a shady Wall Street banker - but is he being duped?,"CRIME, DRAMA","Starring John Leguizamo, Peter Sarsgaard, Denise Richards",Pelicula,https://www.starz.com/us/en/movies/empire-45247
95,Stripped: Las Vegas,84 MINS,2021,Stripped: Las Vegas follows three days in the lives of the most dynamic exotic dancers in Sin City.,DOCUMENTARY,"Starring John Leguizamo, Peter Sarsgaard, Denise Richards",Pelicula,https://www.starz.com/us/en/movies/stripped-las-vegas-65805
96,Queen Of Glory,78 MINS,2021,"Sarah is all set to abandon her Ivy League doctoral program to follow her married lover across the country--but an unexpected event puts her life on a brand new trajectory. A critically-acclaimed, heartfelt story.","COMEDY, DRAMA","Starring Nana Mensah, Meeko , Madeline Weinstein",Pelicula,https://www.starz.com/us/en/movies/queen-of-glory-68027
97,Brown Sugar,109 MINS,2002,Romance ensues when a journalist falls in love with her best friend - an executive for a hip-hop record label. But what will his fiance think?,"COMEDY, ROMANCE","Starring Sanaa Lathan, Taye Diggs, Queen Latifah",Pelicula,https://www.starz.com/us/en/movies/brown-sugar-38409
98,Fall,107 MINS,2022,"Stranded 2,000 feet at the top of a remote, abandoned radio tower, two expert climbers are put to the ultimate test as they desperately fight to survi","ACTION, SUSPENSE","Starring Grace Caroline Currey, Virginia Gardner, Jeffrey Dean Morgan",Pelicula,https://www.starz.com/us/en/movies/fall-68039
99,The Karate Kid,140 MINS,2010,"A 12-year-old boy from Detroit lands in China with his mom, falls for a local girl, and immediately makes enemies - then meets kung fu master Mr. Han, who will teach him martial arts. A fun, energetic remake!","ACTION, DRAMA","Starring Jaden Smith, Jackie Chan, Taraji P. Henson",Pelicula,https://www.starz.com/us/en/movies/the-karate-kid-39729
100,Tales From The Hood,97 MINS,1995,"Three young hustlers, searching for stolen drugs in a mortuary, become enchanted by the supernatural tales told by the undertaker.","HORROR, COMEDY","Starring Clarence Williams III, Joe Torry, Wings Hauser",Pelicula,https://www.starz.com/us/en/movies/tales-from-the-hood-30239
101,Can You Keep a Secret?,94 MINS,2019,"Thinking they're about to crash, Emma spills her secrets to a stranger on a plane. At least, she thought he was a stranger...Until she later meets Jac","COMEDY, ROMANCE","Starring Alexandra Daddario, Tyler Hoechlin, Kimiko Glenn",Pelicula,https://www.starz.com/us/en/movies/can-you-keep-a-secret-64183
102,Speed,116 MINS,1994,"Rush hour will never be the same! A SWAT team ace must keep the speed of a Santa Monica bus above 50 mph, or a madman's bomb will explode.","ACTION, SUSPENSE","Starring Keanu Reeves, Sandra Bullock, Dennis Hopper",Pelicula,https://www.starz.com/us/en/movies/speed-47573
103,A Southern Haunting,93 MINS,2023,"After receiving 40 acres, a former slave family battles man and myth to uncover the truth that lurks behind their land.","HORROR, DRAMA","Starring Imani Hakim, Laya DeLeon Hayes, Graham Patrick Martin",Pelicula,https://www.starz.com/us/en/movies/a-southern-haunting-69700
104,The Hurricane Heist,102 MINS,2018,"The rural town of New Hope, Ala., has a pair of super-sized problems heading its way: There's a hurricane bearing down on the Gulf coastline, and ther","ACTION, SUSPENSE","Starring Toby Kebbell, Maggie Grace, Ryan Kwanten",Pelicula,https://www.starz.com/us/en/movies/the-hurricane-heist-67526
105,Sparkle,116 MINS,2012,"In 1968 Detroit, a musical prodigy tries to balance romance with the new challenges life brings, as she and her sisters struggle for Motown stardom.","DRAMA, MUSICAL","Starring Whitney Houston, Jordin Sparks, Derek Luke",Pelicula,https://www.starz.com/us/en/movies/sparkle-50570
106,Amityville II: The Possession,104 MINS,1982,"Before horror struck a house in Amityville, there was a disturbed family who lived there - including a brutal father, an insane son, and devilish spir","DRAMA, HORROR","Starring Burt Young, Rutanya Alda, James Olson",Pelicula,https://www.starz.com/us/en/movies/amityville-ii-the-possession-47987
107,The Big Trip,84 MINS,2019,"A stork mistakenly delivers a baby panda to the wrong door. A bear, a moose, a tiger, and a rabbit set on a fun filled adventure to return the panda h","ANIMATED, FAMILY","Starring Drake Bell, Pauly Shore",Pelicula,https://www.starz.com/us/en/movies/the-big-trip-70760
108,The Fan,116 MINS,1996,"As a middle-aged salesman's life unravels, his obsession with a star baseball player turns from fan to fanatical - and ultimately murderous!","DRAMA, SUSPENSE","Starring Robert De Niro, Wesley Snipes, Ellen Barkin",Pelicula,https://www.starz.com/us/en/movies/the-fan-10064
109,Match Me If You Can,104 MINS,2023,"After being deemed ""unmatchable,"" a scorned computer nerd declares war against a dating service, becoming an accidental spokesperson for all frustrate","COMEDY, ROMANCE","Starring Georgina Reilly, Wilson Bethel, Brian George",Pelicula,https://www.starz.com/us/en/movies/match-me-if-you-can-71244
110,Passengers,116 MINS,2016,"A spacecraft traveling to a distant colony planet and transporting thousands of people has a malfunction in its sleep chambers. As a result, two passe","ADVENTURE, ROMANCE","Starring Jennifer Lawrence, Chris Pratt, Michael Sheen",Pelicula,https://www.starz.com/us/en/movies/passengers-29368
111,Lake Placid,82 MINS,1999,"In a remote lake in Maine, something is chewing through animals and humans like never before - an eccentric team assembles to tackle a ravenous 30-foo","ACTION, COMEDY","Starring Bill Pullman, Bridget Fonda, Oliver Platt",Pelicula,https://www.starz.com/us/en/movies/lake-placid-47826
112,Hanging Up,94 MINS,2000,"Three successful, slightly manic adult sisters must come to grips with their elderly dad's declining health - even though none of them are close to hi","COMEDY, DRAMA","Starring Meg Ryan, Lisa Kudrow, Diane Keaton",Pelicula,https://www.starz.com/us/en/movies/hanging-up-12099
113,Dr. Dolittle 2,87 MINS,2001,He talks to the animals - again! Dr. Dolittle tries to convince two wildly different bears that they must come together to save a forest slated for de,"COMEDY, FAMILY","Starring Eddie Murphy, Kristen Wilson, Raven-Symone",Pelicula,https://www.starz.com/us/en/movies/dr-dolittle-2-41551
114,Planet 51,91 MINS,2009,Planet 51 - a far-away world recalling 1950s America - is paranoid about alien invasions from outer space. So when a NASA astronaut lands and hysteria,"ANIMATED, ADVENTURE","Starring Dwayne Johnson, Jessica Biel, Justin Long",Pelicula,https://www.starz.com/us/en/movies/planet-51-36259
115,Stripped: Los Angeles,76 MINS,2020,"Stripped is an intimate glimpse into the lives of Los Angeles' top exotic dancers, highlighting the aspirational and empowering stories that challenge the way society stigmatizes the profession.",DOCUMENTARY,"Starring Dwayne Johnson, Jessica Biel, Justin Long",Pelicula,https://www.starz.com/us/en/movies/stripped-los-angeles-61293
116,Ali,156 MINS,2001,"A pivotal decade in the life of heavyweight boxing legend Muhammad Ali - his rise to the top of the sport, his refusal to go to Vietnam, and his comeback fights with Foreman and Frazier.","BIOGRAPHY, DRAMA","Starring Will Smith, Jamie Foxx, Jon Voight",Pelicula,https://www.starz.com/us/en/movies/ali-37309
117,Ambulance,136 MINS,2022,"A decorated veteran teams up with his adoptive brother to steal $32 million from a Los Angeles bank. When their getaway goes wrong, the desperate thieves hijack an ambulance that's carrying a wounded cop and an EMT worker.","ACTION, SUSPENSE","Starring Jake Gyllenhaal, Yahya Abdul-Mateen II, Eiza González",Pelicula,https://www.starz.com/us/en/movies/ambulance-64749
118,Tomorrowland,130 MINS,2015,"A former boy genius and a gifted teenager set out on a dangerous mission to unearth the secrets of Tomorrowland, a mysterious place caught between tim","ADVENTURE, SCI-FI","Starring George Clooney, Hugh Laurie, Britt Robertson",Pelicula,https://www.starz.com/us/en/movies/tomorrowland-25407
119,The Nut Job,85 MINS,2014,A mischievous squirrel and his sidekick assemble a ragtag animal crew to get inside their town's nut shop and steal enough food for the winter.,"ANIMATED, ADVENTURE","Starring Liam Neeson, Brendan Fraser, Katherine Heigl",Pelicula,https://www.starz.com/us/en/movies/the-nut-job-50933
120,Sabotage,109 MINS,2014,Members of an elite DEA task force are eliminated one by one following their successful robbery of a powerful drug cartel's safe house.,"ACTION, CRIME","Starring Arnold Schwarzenegger, Sam Worthington, Terrence Howard",Pelicula,https://www.starz.com/us/en/movies/sabotage-50620
121,Beyond the Lights,116 MINS,2014,A local police officer saves the life of a singer on the edge in more ways than one in this enchanting romantic drama.,"ROMANCE, DRAMA","Starring Gugu Mbatha-Raw, Nate Parker, Danny Glover",Pelicula,https://www.starz.com/us/en/movies/beyond-the-lights-50803
122,Death Race,104 MINS,2008,Ex-con Jensen Ames is forced by the warden of a notorious prison to compete in a lethal car race where inmates must brutalize and kill one another on,"ACTION, SCI-FI","Starring Jason Statham, Tyrese Gibson, Ian McShane",Pelicula,https://www.starz.com/us/en/movies/death-race-50204
123,As Good As Dead,89 MINS,2022,A man with a mysterious past moves to a small Mexican border-town to start over. He reluctantly befriends a troubled local teen who is being recruited by the local street gang.,"ACTION, CRIME","Starring Michael Jai White, Tom Berenger, Louis Mandylor",Pelicula,https://www.starz.com/us/en/movies/as-good-as-dead-69324
124,Cold Skin,106 MINS,2017,"A young man arrives on a desolate island to assume the post of weather observer. He finds no trace of the man he was sent to replace, just a deranged","HORROR, SCI-FI","Starring Ray Stevenson, David Oakes, Aura Garrido",Pelicula,https://www.starz.com/us/en/movies/cold-skin-65156
125,Aloha,104 MINS,2015,A military contractor unexpectedly falls for an Air Force officer while reconnecting with an ex.,"COMEDY, ROMANCE","Starring Emma Stone, Rachel McAdams, Ivana Milicevic",Pelicula,https://www.starz.com/us/en/movies/aloha-23582
126,A Beautiful Day in the Neighborhood,108 MINS,2019,Based on the true story of a real-life friendship between Fred Rogers and journalist Tom Junod.,"DRAMA, BIOGRAPHY","Starring Tom Hanks, Matthew Rhys, Chris Cooper",Pelicula,https://www.starz.com/us/en/movies/a-beautiful-day-in-the-neighborhood-52158
127,Among The Beasts,100 MINS,2023,"One year after his own niece's disappearance, a traumatized Marine is recruited by a drug kingpin to find another missing girl with a very similar sto","ACTION, MYSTERY","Starring Tory Kittles, Libe Barer, Sarunas J. Jackson",Pelicula,https://www.starz.com/us/en/movies/among-the-beasts-68903
128,The Wedding Ringer,101 MINS,2015,"A socially-awkward, friendless groom hires a fast-talking entrepreneur to procure a crew of fake buddies and pose as the best man for his upcoming mar","COMEDY, ROMANCE","Starring Kevin Hart, Josh Gad, Affion Crockett",Pelicula,https://www.starz.com/us/en/movies/the-wedding-ringer-22895
129,Rebound,86 MINS,2005,"Suspended after a public outburst, a college basketball coach accepts a short-term job with a team of middle schoolers.","COMEDY, FAMILY","Starring Martin Lawrence, Wendy Raquel Robinson, Steven Anthony Lawrence",Pelicula,https://www.starz.com/us/en/movies/rebound-26063
130,The Karate Kid,127 MINS,1984,"Daniel, a New Jersey teen, moves to California and finds himself the target of bullies - but then he meets Mr. Myagi and discovers martial arts!","ACTION, ADVENTURE","Starring Ralph Macchio, Pat Morita, Elisabeth Shue",Pelicula,https://www.starz.com/us/en/movies/the-karate-kid-6462
131,Prey For The Devil,93 MINS,2022,A nun prepares to perform an exorcism and comes face to face with a demonic force with mysterious ties to her past.,"HORROR, SUSPENSE","Starring Virginia Madsen, Jacqueline Byers, Christian Navarro",Pelicula,https://www.starz.com/us/en/movies/prey-for-the-devil-60222
132,Careful What You Wish For,91 MINS,2015,Complications arise when a young man has an affair with the seductive wife of an investment banker.,"SUSPENSE, DRAMA","Starring Nick Jonas, Dermot Mulroney, Isabel Lucas",Pelicula,https://www.starz.com/us/en/movies/careful-what-you-wish-for-27614
133,Naked Singularity,93 MINS,2021,An idealistic NYC public defender burned out by the system takes matters into his own hands when he joins an old client on a high-stakes drug heist.,"CRIME, DRAMA","Starring John Boyega, Olivia Cooke, Bill Skarsgård",Pelicula,https://www.starz.com/us/en/movies/naked-singularity-64730
134,Armored,88 MINS,2009,A rookie armored-truck guard is persuaded by his co-workers to join in on a foolproof $42 million heist that promises no violence - but things go wron,"ACTION, CRIME","Starring Matt Dillon, Jean Reno, Laurence Fishburne",Pelicula,https://www.starz.com/us/en/movies/armored-36096
135,The Grudge,93 MINS,2020,A house is cursed by a vengeful ghost that dooms those who enter it with a violent death.,"HORROR, MYSTERY","Starring Tara Westwood, John Cho, Andrea Riseborough",Pelicula,https://www.starz.com/us/en/movies/the-grudge-52188
136,Thumbelina,86 MINS,1994,"Based on the famous fairy tale - tiny Thumbelina longs for a husband, and soon meets a fairy prince. But they are separated, and Thumbelina tumbles in","ANIMATED, FAMILY","Starring Jodi Benson, Kenneth Mars, Charo",Pelicula,https://www.starz.com/us/en/movies/thumbelina-23863
137,The Reef 2: High Tide,80 MINS,2012,"Trained in the skills of sea power, Pi the fish can fight any predator that threatens his friends and neighbors on the reef. Unfortunately, being the","ANIMATED, ADVENTURE","Starring Busy Philipps, Rob Schneider, Frankie Jonas",Pelicula,https://www.starz.com/us/en/movies/the-reef-2-high-tide-65110
138,Home Alone 3,102 MINS,1997,The slapstick kid vs. bad guys adventures continue as little Alex discovers spies are trying to retrieve a top-secret microchip - but they encounter a maze of hilarious booby traps when they enter Alex's house!,"COMEDY, FAMILY","Starring Alex D. Linz, Olek Krupa, Rya Kihlstedt",Pelicula,https://www.starz.com/us/en/movies/home-alone-3-32938
139,Trois 3: The Escort,95 MINS,2004,A high-priced escort upsets a powerful businesswoman when he falls for a call girl who works for the same madam.,"DRAMA, SUSPENSE","Starring Brian J. White, Patrice Fisher, Reagan Gomez-Preston",Pelicula,https://www.starz.com/us/en/movies/trois-3-the-escort-68467
140,Pawn,88 MINS,2013,A petty robbery spirals into a tense hostage situation after three gunmen hold up a diner that's a front for the mob.,"ACTION, SUSPENSE","Starring Forest Whitaker, Michael Chiklis, Nikki Reed",Pelicula,https://www.starz.com/us/en/movies/pawn-30852
141,Lonesome Dove Church,90 MINS,2014,"A Texas preacher who dreams of building his own church puts his life on the line to save his son, an accused outlaw.","WESTERN, DRAMA","Starring Tom Berenger, Greyston Holt, Alex Zahara",Pelicula,https://www.starz.com/us/en/movies/lonesome-dove-church-28984
142,Aurora: A Love Story,95 MINS,2023,Plans swiftly change and dark secrets are revealed when a bride goes missing the night before her Puerto Rican destination wedding.,"DRAMA, SUSPENSE","Starring Julito McCullum, Marc John Jefferies, Tobias Truvillion",Pelicula,https://www.starz.com/us/en/movies/aurora-a-love-story-69322
143,Wings,87 MINS,2012,"A few weeks before a big airshow, Ace gets his acceptance letter to take part in the competition to become the next champion.","ADVENTURE, ANIMATED","Starring Josh Duhamel, Hilary Duff, Jesse McCartney",Pelicula,https://www.starz.com/us/en/movies/wings-66506
144,Mad Money,104 MINS,2008,A trio of female Federal Reserve employees concoct a plan to relieve their workplace of paper money slated for destruction - but comic complications t,"COMEDY, CRIME","Starring Diane Keaton, Queen Latifah, Katie Holmes",Pelicula,https://www.starz.com/us/en/movies/mad-money-1037
145,Marry Me,112 MINS,2022,"On the day of her wedding, a pop star marries a complete stranger after finding out that her fiance cheated on her.","COMEDY, ROMANCE","Starring Jennifer Lopez, Owen Wilson, Maluma",Pelicula,https://www.starz.com/us/en/movies/marry-me-64747
146,Vacancy,85 MINS,2007,"A couple are stranded at a desolate, run-down motel run by a twitchy manager - are those real murders on the in-room video tapes, and why are there mu","CRIME, HORROR","Starring Kate Beckinsale, Luke Wilson, Frank Whaley",Pelicula,https://www.starz.com/us/en/movies/vacancy-24025
147,Gangland,88 MINS,2018,The city of Chicago is plagued by gang violence on both sides of the city in this modern retelling of the classic Romeo and Juliet story.,"DRAMA, MUSICAL","Starring Wood Harris, Clifton Powell, Marcus T. Paulk",Pelicula,https://www.starz.com/us/en/movies/gangland-64115
148,The Grudge,91 MINS,2004,"A murderous supernatural curse passes like a virus in Tokyo, infecting and possessing its victims in unspeakable horrors - an American nurse frantical","HORROR, SUSPENSE","Starring Sarah Michelle Gellar, Jason Behr, William Mapother",Pelicula,https://www.starz.com/us/en/movies/the-grudge-29285
149,Malum,93 MINS,2023,"After taking the last shift at a newly decommissioned station, a rookie police officer finds herself barraged by terrifying supernatural events while",HORROR,"Starring Jessica Sula, Candice Coke, Chaney Morrow",Pelicula,https://www.starz.com/us/en/movies/malum-71170
150,Never Been Kissed,107 MINS,1999,A journalist enrolls in her old high school as part of her research for a story.,"COMEDY, ROMANCE","Starring Drew Barrymore, David Arquette, Marley Shelton",Pelicula,https://www.starz.com/us/en/movies/never-been-kissed-24477
151,Get the Gringo,96 MINS,2012,A career criminal nabbed by Mexican authorities is placed in a tough prison where he learns to survive with the help of a young boy.,"ACTION, SUSPENSE","Starring Mel Gibson, Peter Stormare, Dean Norris",Pelicula,https://www.starz.com/us/en/movies/get-the-gringo-65163
152,Kingdom of Heaven,144 MINS,2005,"During the Crusades of the 12th Century, a young blacksmith leads the people of Jerusalem in defense against the Crusaders.","DRAMA, ACTION","Starring Orlando Bloom, Eva Green, Liam Neeson",Pelicula,https://www.starz.com/us/en/movies/kingdom-of-heaven-25424
153,FernGully: The Last Rainforest,76 MINS,1992,"A woodland fairy and her pals - including a crazy motor-mouth bat - save the life of a lumberjack by shrinking him to miniature size, and then battle","ANIMATED, ADVENTURE","Starring Robin Williams, Tim Curry, Samantha Mathis",Pelicula,https://www.starz.com/us/en/movies/ferngully-the-last-rainforest-37558
154,Antwone Fisher,120 MINS,2002,A bright but angry young sailor is about to be thrown out of the navy - then he meets a military therapist who helps the sailor face his demons and in,"DRAMA, TRUE STORY","Starring Denzel Washington, Derek Luke, Joy Bryant",Pelicula,https://www.starz.com/us/en/movies/antwone-fisher-39508
155,Limitless,104 MINS,2011,"With the help of a mysterious pill that enables the user to access his brain's full abilities, a struggling writer becomes a financial wizard - and en","SUSPENSE, ACTION","Starring Robert De Niro, Bradley Cooper, Abbie Cornish",Pelicula,https://www.starz.com/us/en/movies/limitless-50426
156,SAS: Red Notice,124 MINS,2021,"A groom's wedding plans are disrupted when a small army of well-trained criminals, led by Laszlo Antonov, hijack the Eurostar deep beneath the English","ACTION, SUSPENSE","Starring Sam Heughan, Ruby Rose, Andy Serkis",Pelicula,https://www.starz.com/us/en/movies/sas-red-notice-65092
157,Corsicana,102 MINS,2022,"Deputy US Marshal Bass Reeves reunites with his former partner turned fugitive Sam Tanner. Joined by an ex-Union Sharpshooter, they are in a race against time as they track Jack Donner and his vicious gang of killers.","DRAMA, WESTERN","Starring Isaiah Washington, Lew Temple, Noel Guglielmi",Pelicula,https://www.starz.com/us/en/movies/corsicana-69699
158,Monster Hunter,103 MINS,2020,"Transported to a strange world, Lt. Artemis and her team of elite soldiers join forces with a mysterious hunter to battle dangerous and powerful monst","ACTION, ADVENTURE","Starring Milla Jovovich, Tony Jaa, Jannik Schümann",Pelicula,https://www.starz.com/us/en/movies/monster-hunter-59525
159,My Best Friend's Girl,100 MINS,2008,"Tank, a guy hired to take girls on horrible dates so they crawl back to the boyfriends they dumped, struggles with his libido and the meaning of frien","COMEDY, ROMANCE","Starring Dane Cook, Kate Hudson, Jason Biggs",Pelicula,https://www.starz.com/us/en/movies/my-best-friends-girl-50076
160,"Are You There God? It's Me, Margaret.",106 MINS,2023,"Raised by a Christian mother and a Jewish father, an adolescent girl starts to ask questions about faith and religion. Based on the beloved novel by J","COMEDY, DRAMA","Starring Abby Ryder Fortson, Rachel McAdams, Kathy Bates",Pelicula,https://www.starz.com/us/en/movies/are-you-there-god-its-me-margaret-64991
161,City of Lies,111 MINS,2018,Disgraced LAPD detective Russell Poole teams with journalist Jack Jackson to uncover the truth behind the murders of Tupac Shakur and The Notorious B.,"CRIME, DRAMA","Starring Johnny Depp, Forest Whitaker, Rockmond Dunbar",Pelicula,https://www.starz.com/us/en/movies/city-of-lies-63531
162,The Pay Day,92 MINS,2022,A broke and frustrated IT technician decides to embark on a one woman heist to steal valuable data worth millions on the black market.,"COMEDY, CRIME","Starring Kyla Frye, Simon Callow, Sam Benjamin",Pelicula,https://www.starz.com/us/en/movies/the-pay-day-69011
163,My Hero Academia: World Heroes' Mission,104 MINS,2021,Japan's greatest heroes must track down the mastermind behind a deadly chemical attack.,"ACTION, ADVENTURE","Starring Kyla Frye, Simon Callow, Sam Benjamin",Pelicula,https://www.starz.com/us/en/movies/my-hero-academia-world-heroes-mission-66218
164,Passion,101 MINS,2012,The rivalry between the manipulative boss of an advertising agency and her talented protégée escalates from stealing credit to public humiliation to m,"DRAMA, MYSTERY","Starring Noomi Rapace, Rachel McAdams, Paul Anderson",Pelicula,https://www.starz.com/us/en/movies/passion-66537
165,State of Play,127 MINS,2009,A member of parliament and his former campaign manager-turned journalist find themselves on opposite sides after the parliamentarian's research assist,"CRIME, DRAMA","Starring Russell Crowe, Jason Bateman, Helen Mirren",Pelicula,https://www.starz.com/us/en/movies/state-of-play-50003
166,Paradise Highway,114 MINS,2022,"A truck driver is forced to smuggle illegal cargo to save her brother from a prison gang. The FBI is hot on her trail, and her conscience is tested wh","ACTION, CRIME","Starring Cameron Monaghan, Frank Grillo, Morgan Freeman",Pelicula,https://www.starz.com/us/en/movies/paradise-highway-67553
167,A Mermaid's Tale,92 MINS,2017,Twelve-year-old Ryan is despondent about moving to a dying seacoast village until she forms an unlikely friendship with a quirky teenage mermaid.,"FAMILY, FANTASY","Starring Caitlin Carmichael, Jerry O'Connell, Barry Bostwick",Pelicula,https://www.starz.com/us/en/movies/a-mermaids-tale-66416
168,Little Women,135 MINS,2019,Four sisters come of age in America during the aftermath of the Civil War.,"DRAMA, FAMILY","Starring Saoirse Ronan, Emma Watson, Florence Pugh",Pelicula,https://www.starz.com/us/en/movies/little-women-52172
169,All The Money In The World,132 MINS,2017,"The story of the kidnapping of John Paul Getty III in the 1970s, and the desperate attempt by his mother to convince his billionaire grandfather, Jean","BIOGRAPHY, CRIME","Starring Mark Wahlberg, Timothy Hutton, Christopher Plummer",Pelicula,https://www.starz.com/us/en/movies/all-the-money-in-the-world-39714
170,Trois 2: Pandora's Box,103 MINS,2002,A beautiful psychiatrist - whose love life is on hold - gets caught up in a world of steamy sex and ugly blackmail when she takes on a patient whose h,"DRAMA, SUSPENSE","Starring Monica Calhoun, Michael White, Kristoff St. John",Pelicula,https://www.starz.com/us/en/movies/trois-2-pandoras-box-68465
171,Bobcat Moretti,96 MINS,2023,"With the help of a compassionate trainer (Vivica A. Fox), obese MS patient Bobcat Moretti (Tim Realbuto) transforms himself at the gym where his fathe","DRAMA, SPORTS","Starring Vivica A. Fox, Tim Realbuto, Taryn Manning",Pelicula,https://www.starz.com/us/en/movies/bobcat-moretti-69965
172,What Remains,101 MINS,2022,"A small town pastor is forced to contend with an act of forgiveness against the newly released convict that murdered his wife. Simultaneously, the tow","DRAMA, MYSTERY","Starring Cress Williams, Kellan Lutz, Anne Heche",Pelicula,https://www.starz.com/us/en/movies/what-remains-68947
173,The Karate Kid Part II,113 MINS,1986,"Daniel travels with martial arts mentor Mr. Myagi to Okinawa, where both must settle scores with rivals in this high-kicking sequel.","ACTION, DRAMA","Starring Noriyuki ""Pat"" Morita, Ralph Macchio, Pat Morita",Pelicula,https://www.starz.com/us/en/movies/the-karate-kid-part-ii-6409
174,Planet of the Apes,112 MINS,1968,"The original classic! Astronauts crash land on a future planet where apes are masters and humans are slaves. Oscar winner for Makeup Effects. ""Get yo","SCI-FI, DRAMA","Starring Charlton Heston, Roddy McDowall, Kim Hunter",Pelicula,https://www.starz.com/us/en/movies/planet-of-the-apes-46406
175,The Night Before,101 MINS,2015,"As their annual reunion tradition comes to an end, three lifelong friends plan a night of debauchery and hilarity by searching for the Nutcracka Ball,",COMEDY,"Starring Joseph Gordon-Levitt, Seth Rogen, Anthony Mackie",Pelicula,https://www.starz.com/us/en/movies/the-night-before-24558
176,Dr. Dolittle,85 MINS,1998,A doctor's life is turned upside down when he discovers he has the ability to talk to animals.,"COMEDY, FAMILY","Starring Eddie Murphy, Ossie Davis, Oliver Platt",Pelicula,https://www.starz.com/us/en/movies/dr-dolittle-24149
177,Playing It Cool,95 MINS,2014,A struggling screenwriter is assigned to pen a romantic comedy - except he's never been in love. Then he meets a charming young woman and discovers wh,"COMEDY, ROMANCE","Starring Chris Evans, Michelle Monaghan, Topher Grace",Pelicula,https://www.starz.com/us/en/movies/playing-it-cool-24017
178,The Curse of La Patasola,84 MINS,2022,"On a weekend camping trip, two struggling couples are haunted by La Patasola, a famed vampiric monster from Amazonian folklore.",HORROR,"Starring AJ Jones, Luciana Faulhaber, Patrick Walker",Pelicula,https://www.starz.com/us/en/movies/the-curse-of-la-patasola-67037
179,The Whole Nine Yards,98 MINS,2000,"A struggling dentist's life is turned upside down when a famous gangster moves in next door, and his wife convinces him to inform a notorious mob boss","COMEDY, CRIME","Starring Bruce Willis, Matthew Perry, Rosanna Arquette",Pelicula,https://www.starz.com/us/en/movies/the-whole-nine-yards-51703
180,The Meddler,103 MINS,2015,A widow from New York City follows her daughter to L.A. hoping to start a new life after her husband passes away. A chance encounter with a security g,"ROMANCE, COMEDY","Starring Rose Byrne, Lucy Punch, J.K. Simmons",Pelicula,https://www.starz.com/us/en/movies/the-meddler-29594
181,Blame,99 MINS,2017,"A substitute drama teacher at a suburban high school develops a taboo relationship with an unstable student, sparking a trail of jealous sabotage from","DRAMA, SUSPENSE","Starring Quinn Shephard, Chris Messina, Nadia Alexander",Pelicula,https://www.starz.com/us/en/movies/blame-65076
182,The Jane Austen Book Club,105 MINS,2007,"Six Californians start a Jane Austen book club devoted to the English author's intricate, romantic novels - and soon find their lives mirroring the 19","COMEDY, DRAMA","Starring Maria Bello, Hugh Dancy, Emily Blunt",Pelicula,https://www.starz.com/us/en/movies/the-jane-austen-book-club-33373
183,There's Something About Mary,119 MINS,1998,"A Wall Street broker decides to look up a girl he had a crush on in high school, but the private investigator he hires to find her ends up falling for","COMEDY, ROMANCE","Starring Cameron Diaz, Matt Dillon, Ben Stiller",Pelicula,https://www.starz.com/us/en/movies/theres-something-about-mary-26255
184,Downton Abbey: A New Era,125 MINS,2022,Follow-up to the 2019 feature film in which the Crawley family and Downton staff received a royal visit from the King and Queen of Great Britain.,"DRAMA, ROMANCE","Starring Hugh Bonneville, Jim Carter, Michelle Dockery",Pelicula,https://www.starz.com/us/en/movies/downton-abbey-a-new-era-64981
185,Our Deadly Vows,81 MINS,2023,"Before moving to Spain, a young couple gathers with friends for one last hurrah, but what starts as a loving dinner party, ends in a bloody fight for survival where no one is to be trusted.","DRAMA, HORROR","Starring K.D. Chalk, Chris Chalk, Ashlei Sharpe Chestnut",Pelicula,https://www.starz.com/us/en/movies/our-deadly-vows-69835
186,The Possession,92 MINS,2012,"A young girl buys an antique box at a yard sale, unaware that inside the collectible lives a malicious ancient spirit. The girl's father teams with hi","HORROR, SUSPENSE","Starring Jeffrey Dean Morgan, Kyra Sedgwick, Natasha Calis",Pelicula,https://www.starz.com/us/en/movies/the-possession-50657
187,Firestarter,94 MINS,2022,An operative pursues an 11-year-old girl who can turn fire into a weapon of mass destruction.,"HORROR, DRAMA","Starring Zac Efron, Ryan Kiera Armstrong, Sydney Lemmon",Pelicula,https://www.starz.com/us/en/movies/firestarter-66776
188,Body Parts,86 MINS,2022,"An insightful and revealing documentary that shows the evolution of desire and ""sex"" on-screen from a female perspective.",DOCUMENTARY,"Starring Rose McGowan, Mishel Prada, Jane Fonda",Pelicula,https://www.starz.com/us/en/movies/body-parts-68817
189,Cheaper By The Dozen,98 MINS,2003,"While his wife is away on business, a college football coach must handle the chaos surrounding his 12 children.","COMEDY, FAMILY","Starring Steve Martin, Bonnie Hunt, Piper Perabo",Pelicula,https://www.starz.com/us/en/movies/cheaper-by-the-dozen-32924
190,League of Gods,109 MINS,2016,King Zhou slowly turns into a tyrant due to the influence of a vixen spirit. Subtitled.,"ACTION, FANTASY","Starring Jet Li, Tony L. Ka Fai, Louis Koo",Pelicula,https://www.starz.com/us/en/movies/league-of-gods-34795
191,Reno 911!: Miami,80 MINS,2007,A rag-tag team of Reno cops are called in to save the day after a terrorist attack disrupts a national police convention in Miami Beach during spring,"COMEDY, CRIME","Starring Thomas Lennon, Ben Garant, Mary Birdsong",Pelicula,https://www.starz.com/us/en/movies/reno-911-miami-51186
192,Incarnation,88 MINS,2022,"A young couple find a beautiful house in Los Angeles, but their dream home hides a secret far more sinister than they ever could have imagined.","HORROR, SUSPENSE","Starring Taye Diggs, Jessica Uberuaga, Michael Madsen",Pelicula,https://www.starz.com/us/en/movies/incarnation-67544
193,88,122 MINS,2022,"Set during a fictionalized version of the 2024 Presidential campaign, 88 unspools a conspiracy that involves strange patterns in the donations coming","DRAMA, MYSTERY","Starring Orlando Jones, Dixon Brandon Victor, William Fichtner",Pelicula,https://www.starz.com/us/en/movies/88-69326
194,The Girl With All The Gifts,111 MINS,2016,"In the future, a strange fungus has changed nearly everyone into a thoughtless, flesh-eating monster. When a scientist and a teacher find a girl who seems to be immune, they all begin a journey to save humanity.","HORROR, DRAMA","Starring Gemma Arterton, Glenn Close, Paddy Considine",Pelicula,https://www.starz.com/us/en/movies/the-girl-with-all-the-gifts-70786
195,The Mist,126 MINS,2007,"A freak storm unleashes a species of bloodthirsty creatures on a small town, where a small band of citizens hole up in a supermarket and fight for the","HORROR, SCI-FI","Starring Thomas Jane, Marcia Gay Harden, Laurie Holden",Pelicula,https://www.starz.com/us/en/movies/the-mist-66442
196,"""50/50""",100 MINS,2011,A young man struggles to come to terms with his cancer diagnosis as he is forced to question everything he thought was important in life.,"COMEDY, DRAMA","Starring Joseph Gordon-Levitt, Seth Rogen, Anna Kendrick",Pelicula,https://www.starz.com/us/en/movies/50-50-50806
197,Fighting,104 MINS,2009,A New York City counterfeiter is introduced to the world of underground street fighting by a seasoned scam artist - who becomes his manager on the bar,"ACTION, DRAMA","Starring Terrence Dashon Howard, Anthony DeSando, Jermel Wilson",Pelicula,https://www.starz.com/us/en/movies/fighting-44936
198,Zero Dark Thirty,157 MINS,2012,"The decade-long hunt for Osama Bin Laden is depicted - the controversial interrogations, dead ends, and puzzling clues are pieced together, leading to","DRAMA, TRUE STORY","Starring Jessica Chastain, Mark Strong, Joel Edgerton",Pelicula,https://www.starz.com/us/en/movies/zero-dark-thirty-50502
199,The Infiltrator,127 MINS,2016,"In 1986, federal agent Robert Mazur poses as a money-laundering businessman to infiltrate the trafficking network of Colombian drug kingpin Pablo Esco","CRIME, DRAMA","Starring Bryan Cranston, Diane Kruger, John Leguizamo",Pelicula,https://www.starz.com/us/en/movies/the-infiltrator-68613
200,Light It Up,99 MINS,1999,A group of students protesting the dismissal of their favorite teacher end up holding a wounded police officer hostage and demanding improvements to t,DRAMA,"Starring Vanessa Williams, Forest Whitaker, Usher",Pelicula,https://www.starz.com/us/en/movies/light-it-up-24306
201,Slender Man,93 MINS,2018,"Slender Man tells the story of a tall, thin horrifying figure with unnaturally long arms and a featureless face, who is reputed to be responsible for","HORROR, SUSPENSE","Starring Joey King, Julia Goldani Telles, Jaz Sinclair",Pelicula,https://www.starz.com/us/en/movies/slender-man-43753
202,House of 9,90 MINS,2005,"A group of strangers is drugged, kidnapped and held captive in a house with no escape other than to compete with each other - and the one left alive a","DRAMA, HORROR","Starring Dennis Hopper, Kelly Brook, Hippolyte Girardot",Pelicula,https://www.starz.com/us/en/movies/house-of-9-68362
203,House of 9,90 MINS,2005,"A group of strangers is drugged, kidnapped and held captive in a house with no escape other than to compete with each other - and the one left alive a","DRAMA, HORROR","Starring Dennis Hopper, Kelly Brook, Hippolyte Girardot",Pelicula,https://www.starz.com/us/en/movies/pusher-70846
204,Witch Hunt,97 MINS,2021,"In a modern America where witches are real and witchcraft is illegal, a sheltered teenager must face her own demons and prejudices.","HORROR, SUSPENSE","Starring Gideon Adlon, Abigail Cowen, Christian Camargo",Pelicula,https://www.starz.com/us/en/movies/witch-hunt-66513
205,Talk To Me,118 MINS,2007,"Fueled by the music and social upheaval of the times, ex-convict Ralph ""Petey"" Greene becomes a radio personality and courts controversy in 1960s Wash","DRAMA, TRUE STORY","Starring Don Cheadle, Cedric The Entertainer, Mike Epps",Pelicula,https://www.starz.com/us/en/movies/talk-to-me-34856
206,Talk To Me,118 MINS,2007,"Fueled by the music and social upheaval of the times, ex-convict Ralph ""Petey"" Greene becomes a radio personality and courts controversy in 1960s Wash","DRAMA, TRUE STORY","Starring Don Cheadle, Cedric The Entertainer, Mike Epps",Pelicula,https://www.starz.com/us/en/movies/summoning-sylvia-69831
207,Revenge Of The Nerds,90 MINS,1984,"The original geek squad in their first screen adventure! Nerdy freshmen, hassled by jocks and beautiful coeds, band together in their own fraternity",COMEDY,"Starring Robert Carradine, Anthony Edwards, Ted McGinley",Pelicula,https://www.starz.com/us/en/movies/revenge-of-the-nerds-33425
208,Redeeming Love,134 MINS,2022,"After meeting Michael and experiencing love for the first time, Angel, facing demons that seem unbeatable, learns that she has the power to choose the life she wants.","DRAMA, ROMANCE","Starring Abigail Cowen, Tom Lewis, Logan Marshall-Green",Pelicula,https://www.starz.com/us/en/movies/redeeming-love-67049
